{
"lengthUnit": "mil",
"components": {
	"fields": ["COMPONENT_NO", "COMPONENT_NAME", "LAYER", "X_COORDINATE", "Y_COORDINATE", "ANGLE"],
	"rows": [
		[1, "C7", "T", 450, -478.24, 270],
		[2, "C22", "T", 427.86, -661.96, 270],
		[3, "C38", "T", 553, -163, 90],
		[4, "C40", "T", 842.44, -527.86, 0],
		[5, "C41", "T", 844.07, -1453.59, 0],
		[6, "C42", "T", 750, -799, 0],
		[7, "C45", "T", 187, -292, 0],
		[8, "C46", "T", 195.13, -689.79, 180],
		[9, "C47", "T", 195.39, -633.79, 180],
		[10, "C48", "T", 187, -236, 0],
		[11, "C49", "T", 187, -180, 0],
		[12, "C50", "T", 195.39, -577.79, 180],
		[13, "H1", "B", 885, -102, 180],
		[14, "H2", "B", 886, -1874, 180],
		[15, "H3", "T", 885, -302, 90],
		[16, "H4", "T", 886, -1674, 90],
		[17, "H6", "T", 885, -987.54, 270],
		[18, "H7", "T", 48, -413.39, 270],
		[19, "H8", "T", 648, -413.4, 270],
		[20, "L6", "T", 327, -370, 270],
		[21, "LED5", "T", 849, -1215, 270],
		[22, "Q1", "T", 696, -1276, 270],
		[23, "R17", "T", 956, -576, 90],
		[24, "R20", "T", 697, -1369, 0],
		[25, "R24", "T", 372.25, -661.98, 270],
		[26, "R25", "T", 320.06, -661.75, 90],
		[27, "R66", "T", 339.34, -200.66, 0],
		[28, "R67", "T", 339, -148, 180],
		[29, "R68", "T", 782, -1211, 270],
		[30, "R70", "T", 955.64, -467.07, 90],
		[31, "R71", "T", 729.44, -467.15, 90],
		[32, "R73", "T", 955.6, -1509.42, 90],
		[33, "R74", "T", 729.79, -1509.66, 90],
		[34, "R75", "T", 695, -886, 180],
		[35, "R76", "T", 695, -938, 180],
		[36, "R77", "T", 695, -990, 180],
		[37, "R78", "T", 782, -1341, 90],
		[38, "R79", "T", 696, -1182, 180],
		[39, "R81", "T", 695, -1042, 180],
		[40, "R86", "T", 698, -1645, 0],
		[41, "R87", "T", 698, -1697, 0],
		[42, "R88", "T", 698, -1749, 0],
		[43, "R89", "T", 698, -1853, 180],
		[44, "R90", "T", 698, -1801, 0],
		[45, "R91", "T", 698, -1905, 180],
		[46, "R94", "T", 842, -1522, 180],
		[47, "R95", "T", 843, -455, 180],
		[48, "SW3", "B", 280, -1500, 270],
		[49, "SW4", "B", 145, -1050, 90],
		[50, "U1", "T", 327, -541, 270],
		[51, "U5", "T", 456, -181.26, 270],
		[52, "U6", "T", 833, -670, 0],
		[53, "U33", "T", 348, -1316, 180]
	]
},
"pins": {
	"fields": ["PIN_NO", "PIN_NAME", "PIN_X", "PIN_Y", "LAYER", "PIN_TYPE", "NET_NAME", "NET_TYPE", "PAD_SHAPE", "PAD_SIZEX", "PAD_SIZEY", "HOLE_SIZE", "PAD_ANGLE"],
	"rows": [
		[1, "C7_1", 450, -450.68, "T", "SMD", "$1N14789", "", "R", 31.5, 35.43, 0, 270],
		[2, "C7_2", 450, -505.8, "T", "SMD", "$1N4282", "", "R", 31.5, 35.43, 0, 270],
		[3, "C22_1", 427.86, -634.4, "T", "SMD", "$1N4283", "", "R", 31.5, 35.43, 0, 270],
		[4, "C22_2", 427.86, -689.52, "T", "SMD", "3V3", "", "R", 31.5, 35.43, 0, 270],
		[5, "C38_1", 553, -202.37, "T", "SMD", "GND", "GND", "R", 55.51, 53.15, 0, 90],
		[6, "C38_2", 553, -123.63, "T", "SMD", "V-USB", "", "R", 55.51, 53.15, 0, 90],
		[7, "C40_1", 814.88, -527.86, "T", "SMD", "INA3221-CH2+", "", "R", 31.5, 35.43, 0, 0],
		[8, "C40_2", 870, -527.86, "T", "SMD", "INA3221-CH2-", "", "R", 31.5, 35.43, 0, 0],
		[9, "C41_1", 816.51, -1453.59, "T", "SMD", "INA3221-CH1+", "", "R", 31.5, 35.43, 0, 0],
		[10, "C41_2", 871.63, -1453.59, "T", "SMD", "INA3221-CH1-", "", "R", 31.5, 35.43, 0, 0],
		[11, "C42_1", 722.44, -799, "T", "SMD", "GND", "GND", "R", 31.5, 35.43, 0, 0],
		[12, "C42_2", 777.56, -799, "T", "SMD", "3V3-INTERNAL", "", "R", 31.5, 35.43, 0, 0],
		[13, "C45_1", 159.44, -292, "T", "SMD", "GND", "GND", "R", 31.5, 35.43, 0, 0],
		[14, "C45_2", 214.56, -292, "T", "SMD", "3V3", "", "R", 31.5, 35.43, 0, 0],
		[15, "C46_1", 222.69, -689.79, "T", "SMD", "VBUS", "", "R", 31.5, 35.43, 0, 180],
		[16, "C46_2", 167.57, -689.79, "T", "SMD", "GND", "GND", "R", 31.5, 35.43, 0, 180],
		[17, "C47_1", 222.95, -633.79, "T", "SMD", "VBUS", "", "R", 31.5, 35.43, 0, 180],
		[18, "C47_2", 167.83, -633.79, "T", "SMD", "GND", "GND", "R", 31.5, 35.43, 0, 180],
		[19, "C48_1", 159.44, -236, "T", "SMD", "GND", "GND", "R", 31.5, 35.43, 0, 0],
		[20, "C48_2", 214.56, -236, "T", "SMD", "3V3", "", "R", 31.5, 35.43, 0, 0],
		[21, "C49_1", 159.44, -180, "T", "SMD", "GND", "GND", "R", 31.5, 35.43, 0, 0],
		[22, "C49_2", 214.56, -180, "T", "SMD", "3V3", "", "R", 31.5, 35.43, 0, 0],
		[23, "C50_1", 222.95, -577.79, "T", "SMD", "VBUS", "", "R", 31.5, 35.43, 0, 180],
		[24, "C50_2", 167.83, -577.79, "T", "SMD", "GND", "GND", "R", 31.5, 35.43, 0, 180],
		[25, "H1_1", 935, -152, "T", "DIP", "3V3-OUT", "", "R", 60, 60, 36, 180],
		[26, "H1_1", 935, -152, "B", "DIP", "3V3-OUT", "", "R", 60, 60, 36, 180],
		[27, "H1_2", 935, -52, "T", "DIP", "GND", "GND", "C", 60, 60, 36, 180],
		[28, "H1_2", 935, -52, "B", "DIP", "GND", "GND", "C", 60, 60, 36, 180],
		[29, "H1_3", 835, -152, "T", "DIP", "3V3-OUT", "", "C", 60, 60, 36, 180],
		[30, "H1_3", 835, -152, "B", "DIP", "3V3-OUT", "", "C", 60, 60, 36, 180],
		[31, "H1_4", 835, -52, "T", "DIP", "GND", "GND", "C", 60, 60, 36, 180],
		[32, "H1_4", 835, -52, "B", "DIP", "GND", "GND", "C", 60, 60, 36, 180],
		[33, "H2_1", 936, -1924, "T", "DIP", "5V-OUT", "", "R", 60, 60, 36, 180],
		[34, "H2_1", 936, -1924, "B", "DIP", "5V-OUT", "", "R", 60, 60, 36, 180],
		[35, "H2_2", 936, -1824, "T", "DIP", "GND", "GND", "C", 60, 60, 36, 180],
		[36, "H2_2", 936, -1824, "B", "DIP", "GND", "GND", "C", 60, 60, 36, 180],
		[37, "H2_3", 836, -1924, "T", "DIP", "5V-OUT", "", "C", 60, 60, 36, 180],
		[38, "H2_3", 836, -1924, "B", "DIP", "5V-OUT", "", "C", 60, 60, 36, 180],
		[39, "H2_4", 836, -1824, "T", "DIP", "GND", "GND", "C", 60, 60, 36, 180],
		[40, "H2_4", 836, -1824, "B", "DIP", "GND", "GND", "C", 60, 60, 36, 180],
		[41, "H3_1", 935, -352, "T", "DIP", "3V3-OUT", "", "R", 60, 60, 36, 90],
		[42, "H3_1", 935, -352, "B", "DIP", "3V3-OUT", "", "R", 60, 60, 36, 90],
		[43, "H3_2", 835, -352, "T", "DIP", "GND", "GND", "C", 60, 60, 36, 90],
		[44, "H3_2", 835, -352, "B", "DIP", "GND", "GND", "C", 60, 60, 36, 90],
		[45, "H3_3", 935, -252, "T", "DIP", "3V3-OUT", "", "C", 60, 60, 36, 90],
		[46, "H3_3", 935, -252, "B", "DIP", "3V3-OUT", "", "C", 60, 60, 36, 90],
		[47, "H3_4", 835, -252, "T", "DIP", "GND", "GND", "C", 60, 60, 36, 90],
		[48, "H3_4", 835, -252, "B", "DIP", "GND", "GND", "C", 60, 60, 36, 90],
		[49, "H4_1", 936, -1724, "T", "DIP", "5V-OUT", "", "R", 60, 60, 36, 90],
		[50, "H4_1", 936, -1724, "B", "DIP", "5V-OUT", "", "R", 60, 60, 36, 90],
		[51, "H4_2", 836, -1724, "T", "DIP", "GND", "GND", "C", 60, 60, 36, 90],
		[52, "H4_2", 836, -1724, "B", "DIP", "GND", "GND", "C", 60, 60, 36, 90],
		[53, "H4_3", 936, -1624, "T", "DIP", "5V-OUT", "", "C", 60, 60, 36, 90],
		[54, "H4_3", 936, -1624, "B", "DIP", "5V-OUT", "", "C", 60, 60, 36, 90],
		[55, "H4_4", 836, -1624, "T", "DIP", "GND", "GND", "C", 60, 60, 36, 90],
		[56, "H4_4", 836, -1624, "B", "DIP", "GND", "GND", "C", 60, 60, 36, 90],
		[57, "H6_1", 835, -887.54, "T", "DIP", "GND", "GND", "R", 62.99, 62.99, 41.34, 270],
		[58, "H6_1", 835, -887.54, "B", "DIP", "GND", "GND", "R", 62.99, 62.99, 41.34, 270],
		[59, "H6_2", 935, -887.54, "T", "DIP", "GND", "GND", "C", 62.99, 62.99, 41.34, 270],
		[60, "H6_2", 935, -887.54, "B", "DIP", "GND", "GND", "C", 62.99, 62.99, 41.34, 270],
		[61, "H6_3", 835, -987.54, "T", "DIP", "XIAO-D0", "", "C", 62.99, 62.99, 41.34, 270],
		[62, "H6_3", 835, -987.54, "B", "DIP", "XIAO-D0", "", "C", 62.99, 62.99, 41.34, 270],
		[63, "H6_4", 935, -987.54, "T", "DIP", "XIAO-D7", "", "C", 62.99, 62.99, 41.34, 270],
		[64, "H6_4", 935, -987.54, "B", "DIP", "XIAO-D7", "", "C", 62.99, 62.99, 41.34, 270],
		[65, "H6_5", 835, -1087.54, "T", "DIP", "XIAO-D1", "", "C", 62.99, 62.99, 41.34, 270],
		[66, "H6_5", 835, -1087.54, "B", "DIP", "XIAO-D1", "", "C", 62.99, 62.99, 41.34, 270],
		[67, "H6_6", 935, -1087.54, "T", "DIP", "XIAO-D6", "", "C", 62.99, 62.99, 41.34, 270],
		[68, "H6_6", 935, -1087.54, "B", "DIP", "XIAO-D6", "", "C", 62.99, 62.99, 41.34, 270],
		[69, "H7_1", 48, -113.39, "T", "DIP", "XIAO-D0", "", "R", 62, 66.93, 43.31, 270],
		[70, "H7_1", 48, -113.39, "B", "DIP", "XIAO-D0", "", "R", 62, 66.93, 43.31, 270],
		[71, "H7_2", 48, -213.39, "T", "DIP", "XIAO-D1", "", "C", 66.93, 66.93, 43.31, 270],
		[72, "H7_2", 48, -213.39, "B", "DIP", "XIAO-D1", "", "C", 66.93, 66.93, 43.31, 270],
		[73, "H7_3", 48, -313.39, "T", "DIP", "DIAL-ADC", "", "C", 66.93, 66.93, 43.31, 270],
		[74, "H7_3", 48, -313.39, "B", "DIP", "DIAL-ADC", "", "C", 66.93, 66.93, 43.31, 270],
		[75, "H7_4", 48, -413.39, "T", "DIP", "LCD-RST", "", "C", 66.93, 66.93, 43.31, 270],
		[76, "H7_4", 48, -413.39, "B", "DIP", "LCD-RST", "", "C", 66.93, 66.93, 43.31, 270],
		[77, "H7_5", 48, -513.39, "T", "DIP", "INA2331-SDA", "", "C", 66.93, 66.93, 43.31, 270],
		[78, "H7_5", 48, -513.39, "B", "DIP", "INA2331-SDA", "", "C", 66.93, 66.93, 43.31, 270],
		[79, "H7_6", 48, -613.39, "T", "DIP", "INA2331-SCL", "", "C", 66.93, 66.93, 43.31, 270],
		[80, "H7_6", 48, -613.39, "B", "DIP", "INA2331-SCL", "", "C", 66.93, 66.93, 43.31, 270],
		[81, "H7_7", 48, -713.39, "T", "DIP", "XIAO-D6", "", "C", 66.93, 66.93, 43.31, 270],
		[82, "H7_7", 48, -713.39, "B", "DIP", "XIAO-D6", "", "C", 66.93, 66.93, 43.31, 270],
		[83, "H8_1", 648, -113.4, "T", "DIP", "V-USB", "", "R", 62, 66.93, 43.31, 270],
		[84, "H8_1", 648, -113.4, "B", "DIP", "V-USB", "", "R", 62, 66.93, 43.31, 270],
		[85, "H8_2", 648, -213.4, "T", "DIP", "GND", "GND", "C", 66.93, 66.93, 43.31, 270],
		[86, "H8_2", 648, -213.4, "B", "DIP", "GND", "GND", "C", 66.93, 66.93, 43.31, 270],
		[87, "H8_3", 648, -313.4, "T", "DIP", "3V3-INTERNAL", "", "C", 66.93, 66.93, 43.31, 270],
		[88, "H8_3", 648, -313.4, "B", "DIP", "3V3-INTERNAL", "", "C", 66.93, 66.93, 43.31, 270],
		[89, "H8_4", 648, -413.4, "T", "DIP", "LCD-DIN", "", "C", 66.93, 66.93, 43.31, 270],
		[90, "H8_4", 648, -413.4, "B", "DIP", "LCD-DIN", "", "C", 66.93, 66.93, 43.31, 270],
		[91, "H8_5", 648, -513.4, "T", "DIP", "LCD-DC", "", "C", 66.93, 66.93, 43.31, 270],
		[92, "H8_5", 648, -513.4, "B", "DIP", "LCD-DC", "", "C", 66.93, 66.93, 43.31, 270],
		[93, "H8_6", 648, -613.4, "T", "DIP", "LCD-CLK", "", "C", 66.93, 66.93, 43.31, 270],
		[94, "H8_6", 648, -613.4, "B", "DIP", "LCD-CLK", "", "C", 66.93, 66.93, 43.31, 270],
		[95, "H8_7", 648, -713.4, "T", "DIP", "XIAO-D7", "", "C", 66.93, 66.93, 43.31, 270],
		[96, "H8_7", 648, -713.4, "B", "DIP", "XIAO-D7", "", "C", 66.93, 66.93, 43.31, 270],
		[97, "L6_1", 327, -449.84, "T", "SMD", "$1N14789", "", "R", 55.12, 83.47, 0, 270],
		[98, "L6_2", 327, -290.16, "T", "SMD", "3V3", "", "R", 55.12, 83.47, 0, 270],
		[99, "LED5_1", 848.87, -1183.53, "T", "SMD", "GND", "GND", "R", 31.5, 31.5, 0, 0],
		[100, "LED5_2", 849.13, -1246.47, "T", "SMD", "$1N4309", "", "R", 31.5, 31.5, 0, 0],
		[101, "Q1_1", 658.6, -1315.37, "T", "SMD", "$1N4337", "", "R", 49.21, 27.56, 0, 270],
		[102, "Q1_2", 733.4, -1315.37, "T", "SMD", "GND", "GND", "R", 49.21, 27.56, 0, 270],
		[103, "Q1_3", 696, -1236.63, "T", "SMD", "$1N4336", "", "R", 49.21, 27.56, 0, 270],
		[104, "R17_1", 956, -605.66, "T", "SMD", "INA2331-TC", "", "R", 31.75, 34.02, 0, 90],
		[105, "R17_2", 956, -546.34, "T", "SMD", "3V3-INTERNAL", "", "R", 31.75, 34.02, 0, 90],
		[106, "R20_1", 667.34, -1369, "T", "SMD", "LCD-BL", "", "R", 31.75, 34.02, 0, 0],
		[107, "R20_2", 726.66, -1369, "T", "SMD", "$1N4337", "", "R", 31.75, 34.02, 0, 0],
		[108, "R24_1", 372.25, -632.32, "T", "SMD", "$1N4283", "", "R", 31.75, 34.02, 0, 270],
		[109, "R24_2", 372.25, -691.64, "T", "SMD", "3V3", "", "R", 31.75, 34.02, 0, 270],
		[110, "R25_1", 320.06, -691.41, "T", "SMD", "GND", "GND", "R", 31.75, 34.02, 0, 90],
		[111, "R25_2", 320.06, -632.09, "T", "SMD", "$1N4283", "", "R", 31.75, 34.02, 0, 90],
		[112, "R66_1", 309.68, -200.66, "T", "SMD", "GND", "GND", "R", 31.75, 34.02, 0, 0],
		[113, "R66_2", 369, -200.66, "T", "SMD", "$1N4302", "", "R", 31.75, 34.02, 0, 0],
		[114, "R67_1", 368.66, -148, "T", "SMD", "V-USB", "", "R", 31.75, 34.02, 0, 180],
		[115, "R67_2", 309.34, -148, "T", "SMD", "$1N4306", "", "R", 31.75, 34.02, 0, 180],
		[116, "R68_1", 782, -1181.34, "T", "SMD", "3V3", "", "R", 31.75, 34.02, 0, 270],
		[117, "R68_2", 782, -1240.66, "T", "SMD", "$1N4309", "", "R", 31.75, 34.02, 0, 270],
		[118, "R70_1", 955.64, -496.73, "T", "SMD", "INA3221-CH2-", "", "R", 31.75, 34.02, 0, 90],
		[119, "R70_2", 955.64, -437.41, "T", "SMD", "3V3-OUT", "", "R", 31.75, 34.02, 0, 90],
		[120, "R71_1", 729.44, -496.81, "T", "SMD", "INA3221-CH2+", "", "R", 31.75, 34.02, 0, 90],
		[121, "R71_2", 729.44, -437.49, "T", "SMD", "3V3", "", "R", 31.75, 34.02, 0, 90],
		[122, "R73_1", 955.6, -1539.08, "T", "SMD", "5V-OUT", "", "R", 31.75, 34.02, 0, 90],
		[123, "R73_2", 955.6, -1479.76, "T", "SMD", "INA3221-CH1-", "", "R", 31.75, 34.02, 0, 90],
		[124, "R74_1", 729.79, -1539.32, "T", "SMD", "VBUS", "", "R", 31.75, 34.02, 0, 90],
		[125, "R74_2", 729.79, -1480, "T", "SMD", "INA3221-CH1+", "", "R", 31.75, 34.02, 0, 90],
		[126, "R75_1", 724.66, -886, "T", "SMD", "$1N4317", "", "R", 31.75, 34.02, 0, 180],
		[127, "R75_2", 665.34, -886, "T", "SMD", "GND", "GND", "R", 31.75, 34.02, 0, 180],
		[128, "R76_1", 724.66, -938, "T", "SMD", "INA2331-WARNING", "", "R", 31.75, 34.02, 0, 180],
		[129, "R76_2", 665.34, -938, "T", "SMD", "3V3-INTERNAL", "", "R", 31.75, 34.02, 0, 180],
		[130, "R77_1", 724.66, -990, "T", "SMD", "INA2331-CRITICAL", "", "R", 31.75, 34.02, 0, 180],
		[131, "R77_2", 665.34, -990, "T", "SMD", "3V3-INTERNAL", "", "R", 31.75, 34.02, 0, 180],
		[132, "R78_1", 782, -1370.66, "T", "SMD", "$1N4337", "", "R", 31.75, 34.02, 0, 90],
		[133, "R78_2", 782, -1311.34, "T", "SMD", "3V3-INTERNAL", "", "R", 31.75, 34.02, 0, 90],
		[134, "R79_1", 725.66, -1182, "T", "SMD", "$1N4336", "", "R", 31.75, 34.02, 0, 180],
		[135, "R79_2", 666.34, -1182, "T", "SMD", "$1N4339", "", "R", 31.75, 34.02, 0, 180],
		[136, "R81_1", 724.66, -1042, "T", "SMD", "INA2331-PV", "", "R", 31.75, 34.02, 0, 180],
		[137, "R81_2", 665.34, -1042, "T", "SMD", "3V3", "", "R", 31.75, 34.02, 0, 180],
		[138, "R86_1", 668.34, -1645, "T", "SMD", "DIAL_LEFT", "", "R", 31.75, 34.02, 0, 0],
		[139, "R86_2", 727.66, -1645, "T", "SMD", "3V3-INTERNAL", "", "R", 31.75, 34.02, 0, 0],
		[140, "R87_1", 668.34, -1697, "T", "SMD", "DIAL_RIGHT", "", "R", 31.75, 34.02, 0, 0],
		[141, "R87_2", 727.66, -1697, "T", "SMD", "DIAL_LEFT", "", "R", 31.75, 34.02, 0, 0],
		[142, "R88_1", 668.34, -1749, "T", "SMD", "DIAL_SW", "", "R", 31.75, 34.02, 0, 0],
		[143, "R88_2", 727.66, -1749, "T", "SMD", "DIAL_RIGHT", "", "R", 31.75, 34.02, 0, 0],
		[144, "R89_1", 727.66, -1853, "T", "SMD", "GND", "GND", "R", 31.75, 34.02, 0, 180],
		[145, "R89_2", 668.34, -1853, "T", "SMD", "$1N7685", "", "R", 31.75, 34.02, 0, 180],
		[146, "R90_1", 668.34, -1801, "T", "SMD", "GND", "GND", "R", 31.75, 34.02, 0, 0],
		[147, "R90_2", 727.66, -1801, "T", "SMD", "DIAL_SW", "", "R", 31.75, 34.02, 0, 0],
		[148, "R91_1", 727.66, -1905, "T", "SMD", "$1N7685", "", "R", 31.75, 34.02, 0, 180],
		[149, "R91_2", 668.34, -1905, "T", "SMD", "DIAL-ADC", "", "R", 31.75, 34.02, 0, 180],
		[150, "R94_1", 900.22, -1522, "T", "SMD", "5V-OUT", "", "R", 47.54, 66.97, 0, 180],
		[151, "R94_2", 783.78, -1522, "T", "SMD", "VBUS", "", "R", 47.54, 66.97, 0, 180],
		[152, "R95_1", 901.22, -455, "T", "SMD", "3V3-OUT", "", "R", 47.54, 66.97, 0, 180],
		[153, "R95_2", 784.78, -455, "T", "SMD", "3V3", "", "R", 47.54, 66.97, 0, 180],
		[154, "SW3_1", 359.93, -1381.89, "B", "SMD", "DIAL_LEFT", "", "R", 39.37, 51.18, 0, 270],
		[155, "SW3_2", 359.93, -1618.11, "B", "SMD", "DIAL_RIGHT", "", "R", 39.37, 51.18, 0, 270],
		[156, "SW3_3", 302.84, -1314.96, "B", "SMD", "GND", "GND", "R", 35.43, 118.11, 0, 270],
		[157, "SW3_4", 302.84, -1685.04, "B", "SMD", "GND", "GND", "R", 35.43, 118.11, 0, 270],
		[158, "SW3_5", 200.07, -1644.88, "B", "SMD", "GND", "GND", "R", 47.24, 31.5, 0, 315],
		[159, "SW3_6", 200.08, -1355.12, "B", "SMD", "GND", "GND", "R", 47.24, 31.5, 0, 225],
		[160, "SW3_C", 359.93, -1460.62, "B", "SMD", "$1N7685", "", "R", 39.37, 51.18, 0, 270],
		[161, "SW3_T", 359.93, -1539.36, "B", "SMD", "DIAL_SW", "", "R", 39.37, 51.18, 0, 270],
		[162, "SW4_1", 211.93, -1138.58, "B", "SMD", "$1N4306", "", "R", 60, 23.62, 0, 0],
		[163, "SW4_2", 211.93, -1020.47, "B", "SMD", "$1N4304", "", "R", 60, 23.62, 0, 0],
		[164, "SW4_3", 211.93, -961.42, "B", "SMD", "GND", "GND", "R", 60, 23.62, 0, 0],
		[165, "SW4_4", 168.62, -908.27, "B", "SMD", "GND", "GND", "R", 47.24, 27.56, 0, 270],
		[166, "SW4_4", 78.07, -908.27, "B", "SMD", "GND", "GND", "R", 47.24, 27.56, 0, 270],
		[167, "SW4_4", 78.07, -1191.73, "B", "SMD", "GND", "GND", "R", 47.24, 27.56, 0, 270],
		[168, "SW4_4", 168.62, -1191.73, "B", "SMD", "GND", "GND", "R", 47.24, 27.56, 0, 270],
		[169, "U1_1", 281.76, -503.6, "T", "SMD", "GND", "GND", "R", 20.95, 42.2, 0, 270],
		[170, "U1_2", 281.76, -541, "T", "SMD", "$1N14789", "", "R", 20.95, 42.2, 0, 270],
		[171, "U1_3", 281.76, -578.4, "T", "SMD", "VBUS", "", "R", 20.95, 42.2, 0, 270],
		[172, "U1_4", 372.24, -578.4, "T", "SMD", "$1N4283", "", "R", 20.95, 42.2, 0, 270],
		[173, "U1_5", 372.24, -541, "T", "SMD", "U1_5", "", "R", 20.95, 42.2, 0, 270],
		[174, "U1_6", 372.24, -503.6, "T", "SMD", "$1N4282", "", "R", 20.95, 42.2, 0, 270],
		[175, "U5_1", 418.6, -232.45, "T", "SMD", "VBUS", "", "R", 43.31, 23.62, 0, 270],
		[176, "U5_2", 456, -232.45, "T", "SMD", "GND", "GND", "R", 43.31, 23.62, 0, 270],
		[177, "U5_3", 493.4, -232.45, "T", "SMD", "$1N4302", "", "R", 43.31, 23.62, 0, 270],
		[178, "U5_4", 493.4, -130.08, "T", "SMD", "$1N4304", "", "R", 43.31, 23.62, 0, 270],
		[179, "U5_5", 418.6, -130.08, "T", "SMD", "V-USB", "", "R", 43.31, 23.62, 0, 270],
		[180, "U6_1", 755.5, -631.61, "T", "SMD", "U6_1", "", "O", 14.33, 42.8, 0, 270],
		[181, "U6_2", 755.5, -657.21, "T", "SMD", "U6_2", "", "O", 14.33, 42.8, 0, 270],
		[182, "U6_3", 755.5, -682.8, "T", "SMD", "GND", "GND", "O", 14.33, 42.8, 0, 270],
		[183, "U6_4", 755.5, -708.39, "T", "SMD", "3V3-INTERNAL", "", "O", 14.33, 42.8, 0, 270],
		[184, "U6_5", 794.61, -747.5, "T", "SMD", "$1N4317", "", "O", 42.8, 14.33, 0, 270],
		[185, "U6_6", 820.21, -747.5, "T", "SMD", "INA2331-SCL", "", "O", 42.8, 14.33, 0, 270],
		[186, "U6_7", 845.8, -747.5, "T", "SMD", "INA2331-SDA", "", "O", 42.8, 14.33, 0, 270],
		[187, "U6_8", 871.39, -747.5, "T", "SMD", "INA2331-WARNING", "", "O", 42.8, 14.33, 0, 270],
		[188, "U6_9", 910.5, -708.39, "T", "SMD", "INA2331-CRITICAL", "", "O", 14.33, 42.8, 0, 270],
		[189, "U6_10", 910.5, -682.8, "T", "SMD", "INA2331-PV", "", "O", 14.33, 42.8, 0, 270],
		[190, "U6_11", 910.5, -657.21, "T", "SMD", "INA3221-CH1-", "", "O", 14.33, 42.8, 0, 270],
		[191, "U6_12", 910.5, -631.61, "T", "SMD", "INA3221-CH1+", "", "O", 14.33, 42.8, 0, 270],
		[192, "U6_13", 871.39, -592.5, "T", "SMD", "INA2331-TC", "", "O", 42.8, 14.33, 0, 270],
		[193, "U6_14", 845.8, -592.5, "T", "SMD", "INA3221-CH2-", "", "O", 42.8, 14.33, 0, 270],
		[194, "U6_15", 820.21, -592.5, "T", "SMD", "INA3221-CH2+", "", "O", 42.8, 14.33, 0, 270],
		[195, "U6_16", 794.61, -592.5, "T", "SMD", "3V3", "", "O", 42.8, 14.33, 0, 270],
		[196, "U6_17", 833, -670, "T", "SMD", "GND", "GND", "R", 85.04, 85.04, 0, 0],
		[197, "U33_1", 182.65, -1316, "T", "SMD", "U33_1", "", "R", 15.75, 86.61, 0, 0],
		[198, "U33_2", 210.21, -1316, "T", "SMD", "U33_2", "", "R", 15.75, 86.61, 0, 0],
		[199, "U33_3", 237.77, -1316, "T", "SMD", "LCD-DIN", "", "R", 15.75, 86.61, 0, 0],
		[200, "U33_4", 265.33, -1316, "T", "SMD", "LCD-CLK", "", "R", 15.75, 86.61, 0, 0],
		[201, "U33_5", 292.88, -1316, "T", "SMD", "LCD-DC", "", "R", 15.75, 86.61, 0, 0],
		[202, "U33_6", 320.44, -1316, "T", "SMD", "LCD-RST", "", "R", 15.75, 86.61, 0, 0],
		[203, "U33_7", 348, -1316, "T", "SMD", "GND", "GND", "R", 15.75, 86.61, 0, 0],
		[204, "U33_8", 375.56, -1316, "T", "SMD", "GND", "GND", "R", 15.75, 86.61, 0, 0],
		[205, "U33_9", 403.12, -1316, "T", "SMD", "U33_9", "", "R", 15.75, 86.61, 0, 0],
		[206, "U33_10", 430.68, -1316, "T", "SMD", "3V3-INTERNAL", "", "R", 15.75, 86.61, 0, 0],
		[207, "U33_11", 458.24, -1316, "T", "SMD", "$1N4339", "", "R", 15.75, 86.61, 0, 0],
		[208, "U33_12", 485.8, -1316, "T", "SMD", "3V3-INTERNAL", "", "R", 15.75, 86.61, 0, 0],
		[209, "U33_13", 513.36, -1316, "T", "SMD", "GND", "GND", "R", 15.75, 86.61, 0, 0]
	]
}
}